formula,number
Li2CuAlF6,1
Li2CuPF6,1
Li2CuCrF6,1
Li2CuGaF6,1
Li2CuAsF6,1
Na2LiNbF6,1
Na2LiMoF6,1
Na2LiTaF6,1
Na2LiAuF6,1
Na2LiYbF6,1
Na2CuAlF6,1
Na2CuPF6,1
Na2CuVF6,1
Na2CuCrF6,1
Na2CuGaF6,1
Na2CuAsF6,1
Na2CuNbF6,1
Na2CuIrF6,1
Na2AgNiF6,1
Na2HgBF6,1
Na2HgNF6,1
Na2HgPF6,1
K2LiNbF6,1
K2LiMoF6,1
K2LiInCl6,1
K2LiTaF6,1
K2LiAuF6,1
K2LiYbF6,1
K2LiYbCl6,1
K2LiLuF6,1
K2NaTiF6,1
K2NaTiCl6,1
K2NaMnF6,1
K2NaMnCl6,1
K2NaNiCl6,1
K2NaCuF6,1
K2NaNbF6,1
K2NaMoF6,1
K2NaRhF6,1
K2NaTaF6,1
K2NaTaCl6,1
K2NaAuF6,1
K2NaYbF6,1
K2NaYbCl6,1
K2CuAlF6,1
K2CuPF6,1
K2CuCrF6,1
K2CuGaF6,1
K2CuAsF6,1
K2CuPdCl6,1
K2CuSbCl6,1
K2CuYbF6,1
K2CuLuCl6,1
K2RbMnF6,1
K2RbNbF6,1
K2RbMoF6,1
K2RbRhF6,1
K2RbTaF6,1
K2AgNiF6,1
K2AgNiCl6,1
K2AgAuF6,1
K2AgYbF6,1
K2AuBCl6,1
K2AuFeCl6,1
K2AuCoCl6,1
K2AuNiCl6,1
K2AuMoCl6,1
K2AuRuCl6,1
K2AuRhCl6,1
K2AuPdF6,1
K2AuAgF6,1
K2AuTaF6,1
K2AuIrF6,1
K2AuIrCl6,1
K2AuYbF6,1
K2HgBF6,1
K2HgBCl6,1
K2HgNF6,1
K2HgNCl6,1
K2HgAlF6,1
K2HgAlCl6,1
K2HgPF6,1
K2HgPCl6,1
K2HgScF6,1
K2HgTiF6,1
K2HgTiCl6,1
K2HgVF6,1
K2HgVCl6,1
K2HgCrF6,1
K2HgCrCl6,1
K2HgMnF6,1
K2HgMnCl6,1
K2HgFeF6,1
K2HgFeCl6,1
K2HgCoF6,1
K2HgCoCl6,1
K2HgNiF6,1
K2HgNiCl6,1
K2HgCuF6,1
K2HgCuCl6,1
K2HgGaF6,1
K2HgGaCl6,1
K2HgYF6,1
K2HgNbF6,1
K2HgMoF6,1
K2HgMoCl6,1
K2HgRuF6,1
K2HgRuCl6,1
K2HgRhF6,1
K2HgRhCl6,1
K2HgPdF6,1
K2HgAgF6,1
K2HgInF6,1
K2HgTaF6,1
K2HgIrF6,1
K2HgIrCl6,1
K2HgAuF6,1
K2HgTlF6,1
K2HgTbF6,1
K2HgDyF6,1
K2HgHoF6,1
K2HgErF6,1
K2HgTmF6,1
K2HgYbF6,1
K2HgLuF6,1
K2TlAgF6,1
Rb2LiNbF6,1
Rb2LiMoF6,1
Rb2LiInCl6,1
Rb2LiTaF6,1
Rb2LiAuF6,1
Rb2LiCeBr6,1
Rb2LiPrBr6,1
Rb2LiNdBr6,1
Rb2LiPmBr6,1
Rb2LiSmBr6,1
Rb2LiEuBr6,1
Rb2LiGdBr6,1
Rb2LiYbF6,1
Rb2LiYbCl6,1
Rb2LiUBr6,1
Rb2NaTiBr6,1
Rb2NaNiCl6,1
Rb2NaNbF6,1
Rb2NaNbBr6,1
Rb2NaMoF6,1
Rb2NaMoBr6,1
Rb2NaRhF6,1
Rb2NaPdBr6,1
Rb2NaAgBr6,1
Rb2NaTaF6,1
Rb2NaTaCl6,1
Rb2NaTaBr6,1
Rb2NaIrBr6,1
Rb2NaAuF6,1
Rb2NaAuBr6,1
Rb2NaPrBr6,1
Rb2NaNdBr6,1
Rb2NaPmBr6,1
Rb2NaSmBr6,1
Rb2NaEuBr6,1
Rb2NaGdBr6,1
Rb2NaTbBr6,1
Rb2NaDyBr6,1
Rb2NaHoBr6,1
Rb2NaErBr6,1
Rb2NaTmBr6,1
Rb2NaYbF6,1
Rb2NaYbCl6,1
Rb2NaYbBr6,1
Rb2NaLuBr6,1
Rb2NaUBr6,1
Rb2KTiBr6,1
Rb2KVBr6,1
Rb2KMnBr6,1
Rb2KNiCl6,1
Rb2KNiBr6,1
Rb2KCuBr6,1
Rb2KMoBr6,1
Rb2KTaF6,1
Rb2KIrBr6,1
Rb2CuAlF6,1
Rb2CuPF6,1
Rb2CuAsF6,1
Rb2CuPdCl6,1
Rb2CuSbCl6,1
Rb2CuBiBr6,1
Rb2CuLaBr6,1
Rb2CuCeBr6,1
Rb2CuPrBr6,1
Rb2CuNdBr6,1
Rb2CuPmBr6,1
Rb2CuSmBr6,1
Rb2CuEuBr6,1
Rb2CuGdBr6,1
Rb2CuTbBr6,1
Rb2CuDyBr6,1
Rb2CuLuCl6,1
Rb2CuUBr6,1
Rb2AgTiBr6,1
Rb2AgVBr6,1
Rb2AgMnBr6,1
Rb2AgNiF6,1
Rb2AgNiCl6,1
Rb2AgNiBr6,1
Rb2AgCuBr6,1
Rb2AgNbBr6,1
Rb2AgMoBr6,1
Rb2AgPdBr6,1
Rb2AgTaBr6,1
Rb2AgIrBr6,1
Rb2AgAuF6,1
Rb2AgAuBr6,1
Rb2AgTlBr6,1
Rb2AgEuBr6,1
Rb2AgGdBr6,1
Rb2AgTbBr6,1
Rb2AgDyBr6,1
Rb2AgHoBr6,1
Rb2AgErBr6,1
Rb2AgTmBr6,1
Rb2AgYbF6,1
Rb2AgYbBr6,1
Rb2AgLuBr6,1
Rb2CsNiF6,1
Rb2CsNbF6,1
Rb2CsMoF6,1
Rb2CsTaF6,1
Rb2AuBCl6,1
Rb2AuAlBr6,1
Rb2AuPBr6,1
Rb2AuScBr6,1
Rb2AuTiBr6,1
Rb2AuVBr6,1
Rb2AuCrBr6,1
Rb2AuMnBr6,1
Rb2AuFeCl6,1
Rb2AuFeBr6,1
Rb2AuCoCl6,1
Rb2AuCoBr6,1
Rb2AuNiCl6,1
Rb2AuNiBr6,1
Rb2AuCuBr6,1
Rb2AuGaBr6,1
Rb2AuAsBr6,1
Rb2AuNbBr6,1
Rb2AuMoCl6,1
Rb2AuMoBr6,1
Rb2AuRuCl6,1
Rb2AuRuBr6,1
Rb2AuRhCl6,1
Rb2AuRhBr6,1
Rb2AuPdF6,1
Rb2AuPdCl6,1
Rb2AuAgF6,1
Rb2AuTaF6,1
Rb2AuTaCl6,1
Rb2AuTaBr6,1
Rb2AuIrF6,1
Rb2AuIrCl6,1
Rb2AuIrBr6,1
Rb2AuYbF6,1
Rb2AuYbCl6,1
Rb2AuLuCl6,1
Rb2HgBF6,1
Rb2HgBCl6,1
Rb2HgNF6,1
Rb2HgNCl6,1
Rb2HgAlF6,1
Rb2HgAlCl6,1
Rb2HgAlBr6,1
Rb2HgPF6,1
Rb2HgPCl6,1
Rb2HgPBr6,1
Rb2HgScF6,1
Rb2HgScCl6,1
Rb2HgTiF6,1
Rb2HgTiCl6,1
Rb2HgTiBr6,1
Rb2HgVF6,1
Rb2HgVCl6,1
Rb2HgVBr6,1
Rb2HgCrF6,1
Rb2HgCrCl6,1
Rb2HgCrBr6,1
Rb2HgMnF6,1
Rb2HgMnCl6,1
Rb2HgMnBr6,1
Rb2HgFeF6,1
Rb2HgFeCl6,1
Rb2HgFeBr6,1
Rb2HgCoF6,1
Rb2HgCoCl6,1
Rb2HgCoBr6,1
Rb2HgNiF6,1
Rb2HgNiCl6,1
Rb2HgNiBr6,1
Rb2HgCuF6,1
Rb2HgCuCl6,1
Rb2HgCuBr6,1
Rb2HgGaF6,1
Rb2HgGaCl6,1
Rb2HgGaBr6,1
Rb2HgAsBr6,1
Rb2HgYF6,1
Rb2HgNbF6,1
Rb2HgNbCl6,1
Rb2HgNbBr6,1
Rb2HgMoF6,1
Rb2HgMoCl6,1
Rb2HgMoBr6,1
Rb2HgRuF6,1
Rb2HgRuCl6,1
Rb2HgRuBr6,1
Rb2HgRhF6,1
Rb2HgRhCl6,1
Rb2HgRhBr6,1
Rb2HgPdF6,1
Rb2HgPdCl6,1
Rb2HgAgF6,1
Rb2HgAgCl6,1
Rb2HgInF6,1
Rb2HgInCl6,1
Rb2HgTaF6,1
Rb2HgTaCl6,1
Rb2HgTaBr6,1
Rb2HgIrF6,1
Rb2HgIrCl6,1
Rb2HgIrBr6,1
Rb2HgAuF6,1
Rb2HgAuCl6,1
Rb2HgTlF6,1
Rb2HgBiF6,1
Rb2HgLaF6,1
Rb2HgCeF6,1
Rb2HgPrF6,1
Rb2HgNdF6,1
Rb2HgPmF6,1
Rb2HgSmF6,1
Rb2HgEuF6,1
Rb2HgGdF6,1
Rb2HgTbF6,1
Rb2HgDyF6,1
Rb2HgHoF6,1
Rb2HgErF6,1
Rb2HgTmF6,1
Rb2HgYbF6,1
Rb2HgLuF6,1
Rb2HgLuCl6,1
Rb2HgUF6,1
Rb2TlAlBr6,1
Rb2TlPBr6,1
Rb2TlNiCl6,1
Rb2TlNiBr6,1
Rb2TlAsBr6,1
Rb2TlNbCl6,1
Rb2TlPdF6,1
Rb2TlTaCl6,1
Rb2TlYbF6,1
Ag2LiNiF6,1
Ag2LiCuF6,1
Ag2LiTaF6,1
Ag2LiAuF6,1
Ag2LiTlF6,1
Ag2LiErF6,1
Ag2LiTmF6,1
Ag2LiYbF6,1
Ag2LiLuF6,1
Ag2LiUF6,1
Ag2NaNiF6,1
Ag2NaTaF6,1
Ag2NaAuF6,1
Ag2NaTlF6,1
Ag2NaTmF6,1
Ag2NaYbF6,1
Ag2KNiF6,1
Cs2LiNbF6,1
Cs2LiMoF6,1
Cs2LiInCl6,1
Cs2LiSbBr6,1
Cs2LiTaF6,1
Cs2LiTaCl6,1
Cs2LiAuF6,1
Cs2LiCeBr6,1
Cs2LiPrBr6,1
Cs2LiNdBr6,1
Cs2LiPmBr6,1
Cs2LiSmBr6,1
Cs2LiEuBr6,1
Cs2LiGdBr6,1
Cs2LiTbBr6,1
Cs2LiDyBr6,1
Cs2LiHoBr6,1
Cs2LiErBr6,1
Cs2LiTmBr6,1
Cs2LiYbF6,1
Cs2LiYbCl6,1
Cs2LiYbBr6,1
Cs2LiLuBr6,1
Cs2LiUBr6,1
Cs2NaTiBr6,1
Cs2NaVBr6,1
Cs2NaMnBr6,1
Cs2NaNiCl6,1
Cs2NaNiBr6,1
Cs2NaCuBr6,1
Cs2NaNbF6,1
Cs2NaNbBr6,1
Cs2NaMoF6,1
Cs2NaMoBr6,1
Cs2NaRhF6,1
Cs2NaPdBr6,1
Cs2NaAgBr6,1
Cs2NaTaF6,1
Cs2NaTaCl6,1
Cs2NaTaBr6,1
Cs2NaIrBr6,1
Cs2NaAuF6,1
Cs2NaAuBr6,1
Cs2NaPrBr6,1
Cs2NaNdBr6,1
Cs2NaPmBr6,1
Cs2NaSmBr6,1
Cs2NaEuBr6,1
Cs2NaGdBr6,1
Cs2NaTbBr6,1
Cs2NaDyBr6,1
Cs2NaHoBr6,1
Cs2NaErBr6,1
Cs2NaTmBr6,1
Cs2NaYbF6,1
Cs2NaYbCl6,1
Cs2NaYbBr6,1
Cs2NaLuBr6,1
Cs2NaUBr6,1
Cs2NaUI6,1
Cs2KTiBr6,1
Cs2KTiI6,1
Cs2KVBr6,1
Cs2KVI6,1
Cs2KMnBr6,1
Cs2KMnI6,1
Cs2KNiF6,1
Cs2KNiCl6,1
Cs2KNiBr6,1
Cs2KNiI6,1
Cs2KCuBr6,1
Cs2KCuI6,1
Cs2KNbF6,1
Cs2KNbBr6,1
Cs2KNbI6,1
Cs2KMoF6,1
Cs2KMoBr6,1
Cs2KMoI6,1
Cs2KPdBr6,1
Cs2KAgBr6,1
Cs2KAgI6,1
Cs2KTaF6,1
Cs2KTaBr6,1
Cs2KTaI6,1
Cs2KIrBr6,1
Cs2KIrI6,1
Cs2KAuF6,1
Cs2KAuBr6,1
Cs2KPrBr6,1
Cs2KNdBr6,1
Cs2KPmBr6,1
Cs2KSmBr6,1
Cs2KEuBr6,1
Cs2KGdBr6,1
Cs2KTbBr6,1
Cs2KDyBr6,1
Cs2KHoBr6,1
Cs2KErBr6,1
Cs2KTmBr6,1
Cs2KYbF6,1
Cs2KYbCl6,1
Cs2KYbBr6,1
Cs2KLuBr6,1
Cs2KUBr6,1
Cs2CuYBr6,1
Cs2CuPdCl6,1
Cs2CuPdBr6,1
Cs2CuSbCl6,1
Cs2CuSbBr6,1
Cs2CuAuBr6,1
Cs2CuTlBr6,1
Cs2CuBiBr6,1
Cs2CuLaBr6,1
Cs2CuCeBr6,1
Cs2CuPrBr6,1
Cs2CuNdBr6,1
Cs2CuPmBr6,1
Cs2CuSmBr6,1
Cs2CuEuBr6,1
Cs2CuGdBr6,1
Cs2CuTbBr6,1
Cs2CuDyBr6,1
Cs2CuHoBr6,1
Cs2CuErBr6,1
Cs2CuTmBr6,1
Cs2CuYbBr6,1
Cs2CuLuCl6,1
Cs2CuLuBr6,1
Cs2CuUBr6,1
Cs2RbTiBr6,1
Cs2RbTiI6,1
Cs2RbVBr6,1
Cs2RbVI6,1
Cs2RbMnBr6,1
Cs2RbMnI6,1
Cs2RbNiF6,1
Cs2RbNiCl6,1
Cs2RbNiBr6,1
Cs2RbNiI6,1
Cs2RbCuBr6,1
Cs2RbCuI6,1
Cs2RbGaI6,1
Cs2RbNbF6,1
Cs2RbNbBr6,1
Cs2RbMoF6,1
Cs2RbMoBr6,1
Cs2RbPdBr6,1
Cs2RbAgBr6,1
Cs2RbTaF6,1
Cs2RbTaBr6,1
Cs2RbIrBr6,1
Cs2RbAuF6,1
Cs2RbAuBr6,1
Cs2RbTlBr6,1
Cs2RbGdBr6,1
Cs2RbTbBr6,1
Cs2RbDyBr6,1
Cs2RbHoBr6,1
Cs2RbErBr6,1
Cs2RbTmBr6,1
Cs2RbYbF6,1
Cs2RbYbCl6,1
Cs2RbYbBr6,1
Cs2RbLuBr6,1
Cs2AgTiBr6,1
Cs2AgVBr6,1
Cs2AgMnBr6,1
Cs2AgNiF6,1
Cs2AgNiCl6,1
Cs2AgNiBr6,1
Cs2AgCuBr6,1
Cs2AgNbBr6,1
Cs2AgMoBr6,1
Cs2AgPdBr6,1
Cs2AgPdI6,1
Cs2AgTaBr6,1
Cs2AgIrBr6,1
Cs2AgAuF6,1
Cs2AgAuBr6,1
Cs2AgAuI6,1
Cs2AgTlBr6,1
Cs2AgTlI6,1
Cs2AgBiBr6,1
Cs2AgBiI6,1
Cs2AgPmBr6,1
Cs2AgSmBr6,1
Cs2AgSmI6,1
Cs2AgEuBr6,1
Cs2AgEuI6,1
Cs2AgGdBr6,1
Cs2AgGdI6,1
Cs2AgTbBr6,1
Cs2AgTbI6,1
Cs2AgDyBr6,1
Cs2AgDyI6,1
Cs2AgHoBr6,1
Cs2AgHoI6,1
Cs2AgErBr6,1
Cs2AgErI6,1
Cs2AgTmBr6,1
Cs2AgTmI6,1
Cs2AgYbF6,1
Cs2AgYbBr6,1
Cs2AgYbI6,1
Cs2AgLuBr6,1
Cs2AgUBr6,1
Cs2AgUI6,1
Cs2AuBCl6,1
Cs2AuBBr6,1
Cs2AuAlBr6,1
Cs2AuPBr6,1
Cs2AuScBr6,1
Cs2AuScI6,1
Cs2AuTiBr6,1
Cs2AuTiI6,1
Cs2AuVBr6,1
Cs2AuVI6,1
Cs2AuCrBr6,1
Cs2AuCrI6,1
Cs2AuMnBr6,1
Cs2AuMnI6,1
Cs2AuFeCl6,1
Cs2AuFeBr6,1
Cs2AuFeI6,1
Cs2AuCoCl6,1
Cs2AuCoBr6,1
Cs2AuCoI6,1
Cs2AuNiCl6,1
Cs2AuNiBr6,1
Cs2AuCuBr6,1
Cs2AuCuI6,1
Cs2AuGaBr6,1
Cs2AuGaI6,1
Cs2AuAsBr6,1
Cs2AuYBr6,1
Cs2AuNbBr6,1
Cs2AuNbI6,1
Cs2AuMoCl6,1
Cs2AuMoBr6,1
Cs2AuMoI6,1
Cs2AuRuCl6,1
Cs2AuRuBr6,1
Cs2AuRuI6,1
Cs2AuRhCl6,1
Cs2AuRhBr6,1
Cs2AuRhI6,1
Cs2AuPdF6,1
Cs2AuPdCl6,1
Cs2AuPdBr6,1
Cs2AuAgF6,1
Cs2AuAgBr6,1
Cs2AuAgI6,1
Cs2AuInBr6,1
Cs2AuInI6,1
Cs2AuSbBr6,1
Cs2AuTaF6,1
Cs2AuTaCl6,1
Cs2AuTaBr6,1
Cs2AuTaI6,1
Cs2AuIrF6,1
Cs2AuIrCl6,1
Cs2AuIrBr6,1
Cs2AuIrI6,1
Cs2AuTlCl6,1
Cs2AuTlBr6,1
Cs2AuBiCl6,1
Cs2AuBiBr6,1
Cs2AuLaBr6,1
Cs2AuCeBr6,1
Cs2AuPrBr6,1
Cs2AuNdBr6,1
Cs2AuPmBr6,1
Cs2AuSmBr6,1
Cs2AuEuBr6,1
Cs2AuGdBr6,1
Cs2AuTbBr6,1
Cs2AuDyBr6,1
Cs2AuHoBr6,1
Cs2AuErCl6,1
Cs2AuErBr6,1
Cs2AuTmCl6,1
Cs2AuTmBr6,1
Cs2AuYbF6,1
Cs2AuYbCl6,1
Cs2AuYbBr6,1
Cs2AuLuCl6,1
Cs2AuLuBr6,1
Cs2AuUBr6,1
Cs2HgBF6,1
Cs2HgBCl6,1
Cs2HgBBr6,1
Cs2HgNF6,1
Cs2HgNCl6,1
Cs2HgAlF6,1
Cs2HgAlCl6,1
Cs2HgAlBr6,1
Cs2HgPF6,1
Cs2HgPCl6,1
Cs2HgPBr6,1
Cs2HgScF6,1
Cs2HgScCl6,1
Cs2HgScBr6,1
Cs2HgTiF6,1
Cs2HgTiCl6,1
Cs2HgTiBr6,1
Cs2HgTiI6,1
Cs2HgVF6,1
Cs2HgVCl6,1
Cs2HgVBr6,1
Cs2HgVI6,1
Cs2HgCrF6,1
Cs2HgCrCl6,1
Cs2HgCrBr6,1
Cs2HgCrI6,1
Cs2HgMnF6,1
Cs2HgMnCl6,1
Cs2HgMnBr6,1
Cs2HgMnI6,1
Cs2HgFeF6,1
Cs2HgFeCl6,1
Cs2HgFeBr6,1
Cs2HgFeI6,1
Cs2HgCoF6,1
Cs2HgCoCl6,1
Cs2HgCoBr6,1
Cs2HgCoI6,1
Cs2HgNiF6,1
Cs2HgNiCl6,1
Cs2HgNiBr6,1
Cs2HgNiI6,1
Cs2HgCuF6,1
Cs2HgCuCl6,1
Cs2HgCuBr6,1
Cs2HgCuI6,1
Cs2HgGaF6,1
Cs2HgGaCl6,1
Cs2HgGaBr6,1
Cs2HgGaI6,1
Cs2HgAsBr6,1
Cs2HgYF6,1
Cs2HgYCl6,1
Cs2HgYBr6,1
Cs2HgNbF6,1
Cs2HgNbCl6,1
Cs2HgNbBr6,1
Cs2HgNbI6,1
Cs2HgMoF6,1
Cs2HgMoCl6,1
Cs2HgMoBr6,1
Cs2HgMoI6,1
Cs2HgRuF6,1
Cs2HgRuCl6,1
Cs2HgRuBr6,1
Cs2HgRuI6,1
Cs2HgRhF6,1
Cs2HgRhCl6,1
Cs2HgRhBr6,1
Cs2HgRhI6,1
Cs2HgPdF6,1
Cs2HgPdCl6,1
Cs2HgPdBr6,1
Cs2HgAgF6,1
Cs2HgAgCl6,1
Cs2HgAgBr6,1
Cs2HgAgI6,1
Cs2HgInF6,1
Cs2HgInCl6,1
Cs2HgInBr6,1
Cs2HgInI6,1
Cs2HgSbBr6,1
Cs2HgTaF6,1
Cs2HgTaCl6,1
Cs2HgTaBr6,1
Cs2HgTaI6,1
Cs2HgIrF6,1
Cs2HgIrCl6,1
Cs2HgIrBr6,1
Cs2HgIrI6,1
Cs2HgAuF6,1
Cs2HgAuCl6,1
Cs2HgAuBr6,1
Cs2HgTlF6,1
Cs2HgTlCl6,1
Cs2HgTlBr6,1
Cs2HgBiF6,1
Cs2HgBiCl6,1
Cs2HgBiBr6,1
Cs2HgLaF6,1
Cs2HgLaCl6,1
Cs2HgLaBr6,1
Cs2HgCeF6,1
Cs2HgCeCl6,1
Cs2HgCeBr6,1
Cs2HgPrF6,1
Cs2HgPrCl6,1
Cs2HgPrBr6,1
Cs2HgNdF6,1
Cs2HgNdCl6,1
Cs2HgNdBr6,1
Cs2HgPmF6,1
Cs2HgPmCl6,1
Cs2HgPmBr6,1
Cs2HgSmF6,1
Cs2HgSmCl6,1
Cs2HgSmBr6,1
Cs2HgEuF6,1
Cs2HgEuCl6,1
Cs2HgEuBr6,1
Cs2HgGdF6,1
Cs2HgGdCl6,1
Cs2HgGdBr6,1
Cs2HgTbF6,1
Cs2HgTbCl6,1
Cs2HgTbBr6,1
Cs2HgDyF6,1
Cs2HgDyCl6,1
Cs2HgDyBr6,1
Cs2HgHoF6,1
Cs2HgHoCl6,1
Cs2HgHoBr6,1
Cs2HgErF6,1
Cs2HgErCl6,1
Cs2HgErBr6,1
Cs2HgTmF6,1
Cs2HgTmCl6,1
Cs2HgTmBr6,1
Cs2HgYbF6,1
Cs2HgYbCl6,1
Cs2HgYbBr6,1
Cs2HgLuF6,1
Cs2HgLuCl6,1
Cs2HgLuBr6,1
Cs2HgUF6,1
Cs2HgUCl6,1
Cs2HgUBr6,1
Cs2TlPBr6,1
Cs2TlTiBr6,1
Cs2TlTiI6,1
Cs2TlVBr6,1
Cs2TlVI6,1
Cs2TlCrBr6,1
Cs2TlMnBr6,1
Cs2TlMnI6,1
Cs2TlFeBr6,1
Cs2TlCoBr6,1
Cs2TlCoI6,1
Cs2TlNiCl6,1
Cs2TlNiBr6,1
Cs2TlNiI6,1
Cs2TlCuBr6,1
Cs2TlCuI6,1
Cs2TlGaBr6,1
Cs2TlGaI6,1
Cs2TlAsBr6,1
Cs2TlAsI6,1
Cs2TlNbCl6,1
Cs2TlNbBr6,1
Cs2TlMoBr6,1
Cs2TlMoI6,1
Cs2TlRuBr6,1
Cs2TlRuI6,1
Cs2TlRhBr6,1
Cs2TlRhI6,1
Cs2TlPdF6,1
Cs2TlPdCl6,1
Cs2TlPdBr6,1
Cs2TlAgBr6,1
Cs2TlInBr6,1
Cs2TlSbBr6,1
Cs2TlTaCl6,1
Cs2TlTaBr6,1
Cs2TlIrBr6,1
Cs2TlIrI6,1
Cs2TlAuF6,1
Cs2TlAuCl6,1
Cs2TlAuBr6,1
Cs2TlBiCl6,1
Cs2TlSmBr6,1
Cs2TlEuBr6,1
Cs2TlGdBr6,1
Cs2TlTbBr6,1
Cs2TlDyBr6,1
Cs2TlHoBr6,1
Cs2TlErBr6,1
Cs2TlTmCl6,1
Cs2TlTmBr6,1
Cs2TlYbF6,1
Cs2TlYbCl6,1
Cs2TlYbBr6,1
Tl2LiAlF6,1
Tl2LiPF6,1
Tl2LiCrF6,1
Tl2LiFeF6,1
Tl2LiCoF6,1
Tl2LiNiF6,1
Tl2LiCuF6,1
Tl2LiGaF6,1
Tl2LiAsF6,1
Tl2LiNbF6,1
Tl2LiMoF6,1
Tl2LiRuF6,1
Tl2LiRhF6,1
Tl2LiPdF6,1
Tl2LiPdCl6,1
Tl2LiAgF6,1
Tl2LiAgCl6,1
Tl2LiInF6,1
Tl2LiSbF6,1
Tl2LiTaF6,1
Tl2LiIrF6,1
Tl2LiAuF6,1
Tl2LiAuCl6,1
Tl2LiBiF6,1
Tl2LiBiBr6,1
Tl2LiLaCl6,1
Tl2LiLaBr6,1
Tl2LiCeBr6,1
Tl2LiPrF6,1
Tl2LiPrBr6,1
Tl2LiNdF6,1
Tl2LiNdBr6,1
Tl2LiSmF6,1
Tl2LiSmBr6,1
Tl2LiEuF6,1
Tl2LiTbF6,1
Tl2LiDyF6,1
Tl2LiHoF6,1
Tl2LiErF6,1
Tl2LiTmF6,1
Tl2LiYbF6,1
Tl2LiUBr6,1
Tl2NaBF6,1
Tl2NaNF6,1
Tl2NaTiCl6,1
Tl2NaVCl6,1
Tl2NaCrCl6,1
Tl2NaMnCl6,1
Tl2NaFeF6,1
Tl2NaFeCl6,1
Tl2NaCoF6,1
Tl2NaCoCl6,1
Tl2NaNiF6,1
Tl2NaNiCl6,1
Tl2NaCuCl6,1
Tl2NaGaCl6,1
Tl2NaAsF6,1
Tl2NaAsCl6,1
Tl2NaYCl6,1
Tl2NaYBr6,1
Tl2NaNbCl6,1
Tl2NaNbBr6,1
Tl2NaMoF6,1
Tl2NaMoCl6,1
Tl2NaMoBr6,1
Tl2NaRuF6,1
Tl2NaRuCl6,1
Tl2NaRhF6,1
Tl2NaRhCl6,1
Tl2NaPdF6,1
Tl2NaPdCl6,1
Tl2NaPdBr6,1
Tl2NaAgCl6,1
Tl2NaAgBr6,1
Tl2NaInCl6,1
Tl2NaInBr6,1
Tl2NaSbF6,1
Tl2NaSbCl6,1
Tl2NaSbBr6,1
Tl2NaTaF6,1
Tl2NaTaCl6,1
Tl2NaTaBr6,1
Tl2NaIrF6,1
Tl2NaIrCl6,1
Tl2NaIrBr6,1
Tl2NaAuF6,1
Tl2NaAuCl6,1
Tl2NaAuBr6,1
Tl2NaBiCl6,1
Tl2NaLaCl6,1
Tl2NaCeCl6,1
Tl2NaPrCl6,1
Tl2NaPrBr6,1
Tl2NaNdCl6,1
Tl2NaNdBr6,1
Tl2NaPmBr6,1
Tl2NaSmCl6,1
Tl2NaSmBr6,1
Tl2NaEuCl6,1
Tl2NaEuBr6,1
Tl2NaGdCl6,1
Tl2NaGdBr6,1
Tl2NaTbCl6,1
Tl2NaTbBr6,1
Tl2NaDyCl6,1
Tl2NaDyBr6,1
Tl2NaHoCl6,1
Tl2NaHoBr6,1
Tl2NaErCl6,1
Tl2NaErBr6,1
Tl2NaTmCl6,1
Tl2NaTmBr6,1
Tl2NaYbF6,1
Tl2NaYbCl6,1
Tl2NaYbBr6,1
Tl2NaLuCl6,1
Tl2NaUCl6,1
Tl2KBF6,1
Tl2KBCl6,1
Tl2KNF6,1
Tl2KNCl6,1
Tl2KAlCl6,1
Tl2KAlBr6,1
Tl2KPCl6,1
Tl2KPBr6,1
Tl2KTiCl6,1
Tl2KVCl6,1
Tl2KVBr6,1
Tl2KCrCl6,1
Tl2KCrBr6,1
Tl2KMnCl6,1
Tl2KMnBr6,1
Tl2KFeCl6,1
Tl2KFeBr6,1
Tl2KCoF6,1
Tl2KCoCl6,1
Tl2KCoBr6,1
Tl2KNiCl6,1
Tl2KNiBr6,1
Tl2KCuCl6,1
Tl2KCuBr6,1
Tl2KGaCl6,1
Tl2KGaBr6,1
Tl2KAsF6,1
Tl2KAsCl6,1
Tl2KAsBr6,1
Tl2KNbCl6,1
Tl2KMoF6,1
Tl2KMoCl6,1
Tl2KRuF6,1
Tl2KRuCl6,1
Tl2KRhF6,1
Tl2KRhCl6,1
Tl2KPdF6,1
Tl2KAgCl6,1
Tl2KInCl6,1
Tl2KSbF6,1
Tl2KTaF6,1
Tl2KTaCl6,1
Tl2KIrF6,1
Tl2KIrCl6,1
Tl2KAuF6,1
Tl2KYbF6,1
Tl2RbBF6,1
Tl2RbBCl6,1
Tl2RbBBr6,1
Tl2RbNF6,1
Tl2RbNCl6,1
Tl2RbAlCl6,1
Tl2RbPCl6,1
Tl2RbPBr6,1
Tl2RbVCl6,1
Tl2RbCrCl6,1
Tl2RbMnCl6,1
Tl2RbFeCl6,1
Tl2RbCoF6,1
Tl2RbCoCl6,1
Tl2RbNiCl6,1
Tl2RbCuCl6,1
Tl2RbGaCl6,1
Tl2RbAsF6,1
Tl2RbAsCl6,1
Tl2RbMoF6,1
Tl2RbRuF6,1
Tl2RbRhF6,1
Tl2RbPdF6,1
Tl2RbSbF6,1
Tl2RbTaF6,1
Tl2RbIrF6,1
Tl2RbAuF6,1
Tl2RbYbF6,1
Tl2CsBF6,1
Tl2CsBCl6,1
Tl2CsBBr6,1
Tl2CsNF6,1
Tl2CsNCl6,1
Tl2CsNBr6,1
Tl2CsPCl6,1
Tl2CsCoF6,1
Tl2CsAsF6,1
Tl2CsMoF6,1
Tl2CsRuF6,1
Tl2CsRhF6,1
Tl2CsIrF6,1
Li2BeNbF6,2
Na2BeNbF6,2
Na2BePtF6,2
Na2BeHgF6,2
Na2BePbF6,2
Na2BeTmF6,2
Na2BeYbF6,2
Na2MgPtF6,2
Na2MgHgF6,2
Na2ScNiF6,2
Na2TiCoF6,2
Na2TiNiF6,2
Na2TiYbF6,2
Na2VFeF6,2
Na2VCoF6,2
Na2VNiF6,2
Na2VGeF6,2
Na2VHgF6,2
Na2VYbF6,2
Na2CrFeF6,2
Na2CrCoF6,2
Na2CrNiF6,2
Na2CrCuF6,2
Na2CrGeF6,2
Na2CrHgF6,2
Na2CrYbF6,2
Na2MnHgF6,2
Na2FeNbF6,2
Na2FeHgF6,2
Na2FeYbF6,2
Na2CoInF6,2
Na2CoHgF6,2
Na2CoYbF6,2
Na2NiYF6,2
Na2NiNbF6,2
Na2NiAgF6,2
Na2NiInF6,2
Na2NiHgF6,2
Na2NiYbF6,2
Na2CuNbF6,2
Na2CuHgF6,2
Na2ZnNbF6,2
Na2ZnPtF6,2
Na2ZnHgF6,2
Na2ZnTmF6,2
Na2GeNbF6,2
Na2GeHgF6,2
Na2PdPtF6,2
K2BeNbF6,2
K2BePtF6,2
K2BeHgF6,2
K2BePbF6,2
K2BePbCl6,2
K2BeTmF6,2
K2BeYbF6,2
K2MgPdCl6,2
K2MgPtF6,2
K2MgHgF6,2
K2MgHgCl6,2
K2MgPbF6,2
K2MgPbCl6,2
K2CaPdCl6,2
K2CaPtF6,2
K2CaHgF6,2
K2CaHgCl6,2
K2CaPbF6,2
K2ScNiF6,2
K2ScZnCl6,2
K2ScGeCl6,2
K2ScCdCl6,2
K2ScInCl6,2
K2ScSnCl6,2
K2ScPtCl6,2
K2ScHgF6,2
K2ScHgCl6,2
K2ScTmCl6,2
K2ScYbCl6,2
K2TiNiF6,2
K2TiZnCl6,2
K2TiCdCl6,2
K2TiInCl6,2
K2TiSnCl6,2
K2TiPtCl6,2
K2TiHgF6,2
K2TiHgCl6,2
K2TiTmCl6,2
K2TiYbF6,2
K2TiYbCl6,2
K2VFeF6,2
K2VNiF6,2
K2VGeF6,2
K2VInCl6,2
K2VSnCl6,2
K2VHgF6,2
K2VHgCl6,2
K2VYbF6,2
K2CrCoF6,2
K2CrNiF6,2
K2CrCuF6,2
K2CrGeF6,2
K2CrSnCl6,2
K2CrHgF6,2
K2CrHgCl6,2
K2CrYbF6,2
K2MnPdCl6,2
K2MnInCl6,2
K2MnHgF6,2
K2MnHgCl6,2
K2FeNbF6,2
K2FePdCl6,2
K2FeInCl6,2
K2FeHgF6,2
K2FeHgCl6,2
K2FeTmCl6,2
K2FeYbF6,2
K2FeYbCl6,2
K2CoPdCl6,2
K2CoInCl6,2
K2CoHgF6,2
K2CoHgCl6,2
K2CoTmCl6,2
K2CoYbF6,2
K2CoYbCl6,2
K2NiNbF6,2
K2NiPdCl6,2
K2NiAgF6,2
K2NiAgCl6,2
K2NiCdCl6,2
K2NiInCl6,2
K2NiHgF6,2
K2NiHgCl6,2
K2NiPbCl6,2
K2NiLaCl6,2
K2NiTmCl6,2
K2NiYbF6,2
K2NiYbCl6,2
K2CuPdCl6,2
K2CuHgF6,2
K2CuHgCl6,2
K2CuPbCl6,2
K2CuYbF6,2
K2ZnNbF6,2
K2ZnPdCl6,2
K2ZnPtF6,2
K2ZnHgF6,2
K2ZnHgCl6,2
K2ZnPbCl6,2
K2ZnTmF6,2
K2GeNbF6,2
K2GePdCl6,2
K2GeAgCl6,2
K2GeHgF6,2
K2GeHgCl6,2
K2GePbCl6,2
K2GeLaCl6,2
K2SrNbF6,2
K2SrPdCl6,2
K2SrPtF6,2
K2SrHgF6,2
K2YCdCl6,2
K2YHgF6,2
K2NbHgF6,2
K2NbHgCl6,2
K2NbYbF6,2
K2PdCdCl6,2
K2PdInCl6,2
K2PdSnCl6,2
K2PdPtF6,2
K2PdPtCl6,2
K2PdHgF6,2
K2PdHgCl6,2
K2PdPbF6,2
K2PdPbCl6,2
K2PdEuCl6,2
K2PdTmF6,2
K2AgPtCl6,2
K2AgHgF6,2
K2AgHgCl6,2
K2AgYbF6,2
K2CdPtF6,2
K2CdHgF6,2
K2CdHgCl6,2
K2CdTmF6,2
K2InHgF6,2
K2InHgCl6,2
K2SnHgF6,2
K2SnHgCl6,2
K2SnYbF6,2
K2PtHgF6,2
K2PtHgCl6,2
K2PtDyCl6,2
K2PtTmCl6,2
K2PtYbF6,2
K2PtYbCl6,2
K2HgPbF6,2
K2HgPrF6,2
K2HgSmF6,2
K2HgEuF6,2
K2HgDyF6,2
K2HgTmF6,2
K2HgTmCl6,2
K2HgYbF6,2
K2HgYbCl6,2
K2PbYbF6,2
K2TmYbCl6,2
Rb2BeNbF6,2
Rb2BeBaBr6,2
Rb2BePtF6,2
Rb2BeHgF6,2
Rb2BePbF6,2
Rb2BePbCl6,2
Rb2BeLaBr6,2
Rb2BeCeBr6,2
Rb2BePrBr6,2
Rb2BeTmF6,2
Rb2BeYbF6,2
Rb2MgYBr6,2
Rb2MgPdCl6,2
Rb2MgInBr6,2
Rb2MgPtF6,2
Rb2MgPtBr6,2
Rb2MgHgF6,2
Rb2MgHgCl6,2
Rb2MgHgBr6,2
Rb2MgPbF6,2
Rb2MgPbCl6,2
Rb2MgPbBr6,2
Rb2MgLaBr6,2
Rb2MgCeBr6,2
Rb2MgPrBr6,2
Rb2MgSmBr6,2
Rb2MgEuBr6,2
Rb2MgDyBr6,2
Rb2MgTmBr6,2
Rb2MgYbBr6,2
Rb2CaScBr6,2
Rb2CaTiBr6,2
Rb2CaVBr6,2
Rb2CaCrBr6,2
Rb2CaNbBr6,2
Rb2CaPdCl6,2
Rb2CaPdBr6,2
Rb2CaAgBr6,2
Rb2CaInBr6,2
Rb2CaPtF6,2
Rb2CaPtBr6,2
Rb2CaHgF6,2
Rb2CaHgCl6,2
Rb2CaHgBr6,2
Rb2CaPbF6,2
Rb2CaPbCl6,2
Rb2CaDyBr6,2
Rb2CaTmBr6,2
Rb2CaYbBr6,2
Rb2ScTiBr6,2
Rb2ScVBr6,2
Rb2ScCrBr6,2
Rb2ScMnBr6,2
Rb2ScFeBr6,2
Rb2ScZnCl6,2
Rb2ScGeCl6,2
Rb2ScYBr6,2
Rb2ScNbBr6,2
Rb2ScPdBr6,2
Rb2ScCdCl6,2
Rb2ScCdBr6,2
Rb2ScInCl6,2
Rb2ScInBr6,2
Rb2ScSnCl6,2
Rb2ScSnBr6,2
Rb2ScPtCl6,2
Rb2ScPtBr6,2
Rb2ScHgF6,2
Rb2ScHgCl6,2
Rb2ScHgBr6,2
Rb2ScPbCl6,2
Rb2ScEuBr6,2
Rb2ScDyBr6,2
Rb2ScTmCl6,2
Rb2ScTmBr6,2
Rb2ScYbCl6,2
Rb2ScYbBr6,2
Rb2TiSrBr6,2
Rb2TiYBr6,2
Rb2TiNbBr6,2
Rb2TiPdBr6,2
Rb2TiAgBr6,2
Rb2TiCdCl6,2
Rb2TiCdBr6,2
Rb2TiInCl6,2
Rb2TiInBr6,2
Rb2TiSnCl6,2
Rb2TiSnBr6,2
Rb2TiPtCl6,2
Rb2TiPtBr6,2
Rb2TiHgF6,2
Rb2TiHgCl6,2
Rb2TiHgBr6,2
Rb2TiPbCl6,2
Rb2TiPbBr6,2
Rb2TiSmBr6,2
Rb2TiEuBr6,2
Rb2TiDyBr6,2
Rb2TiTmCl6,2
Rb2TiTmBr6,2
Rb2TiYbF6,2
Rb2TiYbCl6,2
Rb2TiYbBr6,2
Rb2VGeF6,2
Rb2VSrBr6,2
Rb2VYBr6,2
Rb2VNbBr6,2
Rb2VAgBr6,2
Rb2VCdBr6,2
Rb2VInCl6,2
Rb2VInBr6,2
Rb2VSnCl6,2
Rb2VSnBr6,2
Rb2VPtBr6,2
Rb2VHgF6,2
Rb2VHgCl6,2
Rb2VHgBr6,2
Rb2VPbBr6,2
Rb2VLaBr6,2
Rb2VCeBr6,2
Rb2VPrBr6,2
Rb2VSmBr6,2
Rb2VEuBr6,2
Rb2VDyBr6,2
Rb2VTmBr6,2
Rb2VYbF6,2
Rb2VYbCl6,2
Rb2VYbBr6,2
Rb2CrGeF6,2
Rb2CrSrBr6,2
Rb2CrYBr6,2
Rb2CrNbBr6,2
Rb2CrCdBr6,2
Rb2CrInCl6,2
Rb2CrInBr6,2
Rb2CrSnCl6,2
Rb2CrSnBr6,2
Rb2CrPtBr6,2
Rb2CrHgF6,2
Rb2CrHgCl6,2
Rb2CrHgBr6,2
Rb2CrPbBr6,2
Rb2CrCeBr6,2
Rb2CrPrBr6,2
Rb2CrSmBr6,2
Rb2CrEuBr6,2
Rb2CrDyBr6,2
Rb2CrTmBr6,2
Rb2CrYbF6,2
Rb2CrYbBr6,2
Rb2MnYBr6,2
Rb2MnNbBr6,2
Rb2MnPdCl6,2
Rb2MnPdBr6,2
Rb2MnAgBr6,2
Rb2MnInCl6,2
Rb2MnInBr6,2
Rb2MnPtBr6,2
Rb2MnHgF6,2
Rb2MnHgCl6,2
Rb2MnHgBr6,2
Rb2MnPbBr6,2
Rb2MnPrBr6,2
Rb2MnSmBr6,2
Rb2MnEuBr6,2
Rb2MnDyBr6,2
Rb2MnTmBr6,2
Rb2MnYbCl6,2
Rb2MnYbBr6,2
Rb2FeYBr6,2
Rb2FeNbF6,2
Rb2FeNbBr6,2
Rb2FePdCl6,2
Rb2FeInCl6,2
Rb2FeInBr6,2
Rb2FePtBr6,2
Rb2FeHgF6,2
Rb2FeHgCl6,2
Rb2FeHgBr6,2
Rb2FePbBr6,2
Rb2FeLaBr6,2
Rb2FeCeBr6,2
Rb2FePrBr6,2
Rb2FeSmBr6,2
Rb2FeEuBr6,2
Rb2FeDyBr6,2
Rb2FeTmCl6,2
Rb2FeTmBr6,2
Rb2FeYbF6,2
Rb2FeYbCl6,2
Rb2FeYbBr6,2
Rb2CoYBr6,2
Rb2CoPdCl6,2
Rb2CoInCl6,2
Rb2CoInBr6,2
Rb2CoBaBr6,2
Rb2CoPtBr6,2
Rb2CoHgF6,2
Rb2CoHgCl6,2
Rb2CoHgBr6,2
Rb2CoPbBr6,2
Rb2CoLaBr6,2
Rb2CoCeBr6,2
Rb2CoPrBr6,2
Rb2CoSmBr6,2
Rb2CoEuBr6,2
Rb2CoDyBr6,2
Rb2CoTmCl6,2
Rb2CoTmBr6,2
Rb2CoYbF6,2
Rb2CoYbCl6,2
Rb2CoYbBr6,2
Rb2NiYBr6,2
Rb2NiNbF6,2
Rb2NiPdCl6,2
Rb2NiAgF6,2
Rb2NiAgCl6,2
Rb2NiCdCl6,2
Rb2NiInCl6,2
Rb2NiBaBr6,2
Rb2NiHgF6,2
Rb2NiHgCl6,2
Rb2NiHgBr6,2
Rb2NiPbCl6,2
Rb2NiPbBr6,2
Rb2NiLaCl6,2
Rb2NiLaBr6,2
Rb2NiCeBr6,2
Rb2NiPrBr6,2
Rb2NiSmBr6,2
Rb2NiEuBr6,2
Rb2NiDyBr6,2
Rb2NiTmCl6,2
Rb2NiTmBr6,2
Rb2NiYbF6,2
Rb2NiYbCl6,2
Rb2NiYbBr6,2
Rb2CuYBr6,2
Rb2CuPdCl6,2
Rb2CuInBr6,2
Rb2CuPtBr6,2
Rb2CuHgF6,2
Rb2CuHgCl6,2
Rb2CuHgBr6,2
Rb2CuPbCl6,2
Rb2CuPbBr6,2
Rb2CuLaBr6,2
Rb2CuCeBr6,2
Rb2CuPrBr6,2
Rb2CuSmBr6,2
Rb2CuEuBr6,2
Rb2CuDyBr6,2
Rb2CuTmBr6,2
Rb2CuYbBr6,2
Rb2ZnYCl6,2
Rb2ZnYBr6,2
Rb2ZnNbF6,2
Rb2ZnPdCl6,2
Rb2ZnInBr6,2
Rb2ZnPtF6,2
Rb2ZnPtBr6,2
Rb2ZnHgF6,2
Rb2ZnHgCl6,2
Rb2ZnHgBr6,2
Rb2ZnPbF6,2
Rb2ZnPbCl6,2
Rb2ZnPbBr6,2
Rb2ZnLaBr6,2
Rb2ZnCeBr6,2
Rb2ZnPrBr6,2
Rb2ZnSmBr6,2
Rb2ZnEuBr6,2
Rb2ZnDyBr6,2
Rb2ZnTmF6,2
Rb2ZnTmBr6,2
Rb2ZnYbBr6,2
Rb2GeYBr6,2
Rb2GeNbF6,2
Rb2GePdCl6,2
Rb2GeAgCl6,2
Rb2GeInBr6,2
Rb2GePtBr6,2
Rb2GeHgF6,2
Rb2GeHgCl6,2
Rb2GeHgBr6,2
Rb2GePbCl6,2
Rb2GePbBr6,2
Rb2GeLaCl6,2
Rb2GeLaBr6,2
Rb2GeCeBr6,2
Rb2GePrBr6,2
Rb2GeSmBr6,2
Rb2GeEuBr6,2
Rb2GeDyBr6,2
Rb2GeTmBr6,2
Rb2GeYbBr6,2
Rb2SrPdCl6,2
Rb2SrPtF6,2
Rb2SrHgF6,2
Rb2SrHgCl6,2
Rb2SrPbF6,2
Rb2YNbBr6,2
Rb2YPdBr6,2
Rb2YCdCl6,2
Rb2YCdBr6,2
Rb2YInCl6,2
Rb2YInBr6,2
Rb2YSnCl6,2
Rb2YPtBr6,2
Rb2YHgF6,2
Rb2YHgCl6,2
Rb2YYbCl6,2
Rb2NbPdBr6,2
Rb2NbAgBr6,2
Rb2NbCdBr6,2
Rb2NbInBr6,2
Rb2NbSnBr6,2
Rb2NbPtBr6,2
Rb2NbHgF6,2
Rb2NbHgCl6,2
Rb2NbHgBr6,2
Rb2NbPbCl6,2
Rb2NbEuBr6,2
Rb2NbDyBr6,2
Rb2NbTmBr6,2
Rb2NbYbF6,2
Rb2NbYbBr6,2
Rb2PdAgBr6,2
Rb2PdCdCl6,2
Rb2PdInCl6,2
Rb2PdInBr6,2
Rb2PdSnCl6,2
Rb2PdBaCl6,2
Rb2PdPtF6,2
Rb2PdPtCl6,2
Rb2PdPtBr6,2
Rb2PdHgF6,2
Rb2PdHgCl6,2
Rb2PdHgBr6,2
Rb2PdPbF6,2
Rb2PdPbCl6,2
Rb2PdPbBr6,2
Rb2PdSmBr6,2
Rb2PdEuCl6,2
Rb2PdEuBr6,2
Rb2PdDyBr6,2
Rb2PdTmF6,2
Rb2PdTmCl6,2
Rb2PdTmBr6,2
Rb2PdYbBr6,2
Rb2AgCdBr6,2
Rb2AgSnBr6,2
Rb2AgPtCl6,2
Rb2AgPtBr6,2
Rb2AgHgF6,2
Rb2AgHgCl6,2
Rb2AgHgBr6,2
Rb2AgPbCl6,2
Rb2AgEuBr6,2
Rb2AgDyBr6,2
Rb2AgTmBr6,2
Rb2AgYbF6,2
Rb2AgYbBr6,2
Rb2CdInBr6,2
Rb2CdPtF6,2
Rb2CdPtBr6,2
Rb2CdHgF6,2
Rb2CdHgCl6,2
Rb2CdHgBr6,2
Rb2CdPbF6,2
Rb2CdPbCl6,2
Rb2CdDyBr6,2
Rb2CdTmF6,2
Rb2CdTmBr6,2
Rb2CdYbBr6,2
Rb2InSnBr6,2
Rb2InPtBr6,2
Rb2InHgF6,2
Rb2InHgCl6,2
Rb2InHgBr6,2
Rb2InPbCl6,2
Rb2InDyBr6,2
Rb2InTmBr6,2
Rb2InYbBr6,2
Rb2SnPtBr6,2
Rb2SnHgF6,2
Rb2SnHgCl6,2
Rb2SnHgBr6,2
Rb2SnPbCl6,2
Rb2SnDyBr6,2
Rb2SnTmBr6,2
Rb2SnYbF6,2
Rb2SnYbBr6,2
Rb2BaPtF6,2
Rb2BaHgF6,2
Rb2PtHgF6,2
Rb2PtHgCl6,2
Rb2PtHgBr6,2
Rb2PtPbCl6,2
Rb2PtDyCl6,2
Rb2PtDyBr6,2
Rb2PtTmCl6,2
Rb2PtTmBr6,2
Rb2PtYbF6,2
Rb2PtYbCl6,2
Rb2PtYbBr6,2
Rb2HgPbF6,2
Rb2HgPbCl6,2
Rb2HgLaF6,2
Rb2HgCeF6,2
Rb2HgPrF6,2
Rb2HgSmF6,2
Rb2HgSmCl6,2
Rb2HgEuF6,2
Rb2HgEuCl6,2
Rb2HgDyF6,2
Rb2HgDyCl6,2
Rb2HgDyBr6,2
Rb2HgTmF6,2
Rb2HgTmCl6,2
Rb2HgTmBr6,2
Rb2HgYbF6,2
Rb2HgYbCl6,2
Rb2HgYbBr6,2
Rb2PbTmCl6,2
Rb2PbYbF6,2
Rb2PbYbCl6,2
Rb2DyTmBr6,2
Rb2DyYbBr6,2
Rb2TmYbCl6,2
Rb2TmYbBr6,2
Cs2BeSrBr6,2
Cs2BeNbF6,2
Cs2BeBaBr6,2
Cs2BePtF6,2
Cs2BeHgF6,2
Cs2BeHgCl6,2
Cs2BePbF6,2
Cs2BePbCl6,2
Cs2BePbBr6,2
Cs2BeLaBr6,2
Cs2BeCeBr6,2
Cs2BePrBr6,2
Cs2BeSmBr6,2
Cs2BeTmF6,2
Cs2BeTmCl6,2
Cs2BeYbF6,2
Cs2MgScBr6,2
Cs2MgYBr6,2
Cs2MgNbBr6,2
Cs2MgPdCl6,2
Cs2MgAgBr6,2
Cs2MgInBr6,2
Cs2MgPtF6,2
Cs2MgPtBr6,2
Cs2MgHgF6,2
Cs2MgHgCl6,2
Cs2MgHgBr6,2
Cs2MgPbF6,2
Cs2MgPbCl6,2
Cs2MgPbBr6,2
Cs2MgLaBr6,2
Cs2MgLaI6,2
Cs2MgCeBr6,2
Cs2MgCeI6,2
Cs2MgPrBr6,2
Cs2MgPrI6,2
Cs2MgSmBr6,2
Cs2MgEuBr6,2
Cs2MgDyBr6,2
Cs2MgTmBr6,2
Cs2MgYbBr6,2
Cs2CaScBr6,2
Cs2CaTiBr6,2
Cs2CaVBr6,2
Cs2CaCrBr6,2
Cs2CaYBr6,2
Cs2CaYI6,2
Cs2CaNbBr6,2
Cs2CaPdCl6,2
Cs2CaPdBr6,2
Cs2CaAgBr6,2
Cs2CaInBr6,2
Cs2CaInI6,2
Cs2CaPtF6,2
Cs2CaPtBr6,2
Cs2CaPtI6,2
Cs2CaHgF6,2
Cs2CaHgCl6,2
Cs2CaHgBr6,2
Cs2CaHgI6,2
Cs2CaPbF6,2
Cs2CaPbCl6,2
Cs2CaPbBr6,2
Cs2CaPbI6,2
Cs2CaLaBr6,2
Cs2CaCeBr6,2
Cs2CaPrBr6,2
Cs2CaSmBr6,2
Cs2CaSmI6,2
Cs2CaEuBr6,2
Cs2CaEuI6,2
Cs2CaDyBr6,2
Cs2CaDyI6,2
Cs2CaTmBr6,2
Cs2CaTmI6,2
Cs2CaYbBr6,2
Cs2CaYbI6,2
Cs2ScTiBr6,2
Cs2ScVBr6,2
Cs2ScCrBr6,2
Cs2ScMnBr6,2
Cs2ScFeBr6,2
Cs2ScCoBr6,2
Cs2ScNiBr6,2
Cs2ScCuBr6,2
Cs2ScZnCl6,2
Cs2ScZnBr6,2
Cs2ScGeCl6,2
Cs2ScGeBr6,2
Cs2ScSrBr6,2
Cs2ScSrI6,2
Cs2ScYBr6,2
Cs2ScYI6,2
Cs2ScNbBr6,2
Cs2ScPdBr6,2
Cs2ScCdCl6,2
Cs2ScCdBr6,2
Cs2ScInCl6,2
Cs2ScInBr6,2
Cs2ScSnCl6,2
Cs2ScSnBr6,2
Cs2ScBaBr6,2
Cs2ScPtCl6,2
Cs2ScPtBr6,2
Cs2ScHgF6,2
Cs2ScHgCl6,2
Cs2ScHgBr6,2
Cs2ScPbCl6,2
Cs2ScPbBr6,2
Cs2ScPbI6,2
Cs2ScLaBr6,2
Cs2ScCeBr6,2
Cs2ScPrBr6,2
Cs2ScPrI6,2
Cs2ScSmBr6,2
Cs2ScSmI6,2
Cs2ScEuBr6,2
Cs2ScEuI6,2
Cs2ScDyBr6,2
Cs2ScDyI6,2
Cs2ScTmCl6,2
Cs2ScTmBr6,2
Cs2ScTmI6,2
Cs2ScYbCl6,2
Cs2ScYbBr6,2
Cs2TiVBr6,2
Cs2TiCrBr6,2
Cs2TiMnBr6,2
Cs2TiFeBr6,2
Cs2TiZnCl6,2
Cs2TiGeCl6,2
Cs2TiSrBr6,2
Cs2TiSrI6,2
Cs2TiYBr6,2
Cs2TiYI6,2
Cs2TiNbBr6,2
Cs2TiPdBr6,2
Cs2TiAgBr6,2
Cs2TiCdCl6,2
Cs2TiCdBr6,2
Cs2TiInCl6,2
Cs2TiInBr6,2
Cs2TiSnCl6,2
Cs2TiSnBr6,2
Cs2TiBaBr6,2
Cs2TiBaI6,2
Cs2TiPtCl6,2
Cs2TiPtBr6,2
Cs2TiHgF6,2
Cs2TiHgCl6,2
Cs2TiHgBr6,2
Cs2TiPbBr6,2
Cs2TiPbI6,2
Cs2TiLaBr6,2
Cs2TiLaI6,2
Cs2TiCeBr6,2
Cs2TiCeI6,2
Cs2TiPrBr6,2
Cs2TiPrI6,2
Cs2TiSmBr6,2
Cs2TiSmI6,2
Cs2TiEuBr6,2
Cs2TiEuI6,2
Cs2TiDyBr6,2
Cs2TiTmCl6,2
Cs2TiTmBr6,2
Cs2TiYbF6,2
Cs2TiYbCl6,2
Cs2TiYbBr6,2
Cs2VMnBr6,2
Cs2VSrBr6,2
Cs2VSrI6,2
Cs2VYBr6,2
Cs2VNbBr6,2
Cs2VPdBr6,2
Cs2VAgBr6,2
Cs2VCdBr6,2
Cs2VInBr6,2
Cs2VSnBr6,2
Cs2VBaBr6,2
Cs2VBaI6,2
Cs2VPtBr6,2
Cs2VHgF6,2
Cs2VHgCl6,2
Cs2VHgBr6,2
Cs2VPbBr6,2
Cs2VPbI6,2
Cs2VLaBr6,2
Cs2VLaI6,2
Cs2VCeBr6,2
Cs2VCeI6,2
Cs2VPrBr6,2
Cs2VPrI6,2
Cs2VSmBr6,2
Cs2VSmI6,2
Cs2VEuBr6,2
Cs2VDyBr6,2
Cs2VTmBr6,2
Cs2VYbF6,2
Cs2VYbCl6,2
Cs2VYbBr6,2
Cs2CrMnBr6,2
Cs2CrNiCl6,2
Cs2CrSrBr6,2
Cs2CrSrI6,2
Cs2CrYBr6,2
Cs2CrNbBr6,2
Cs2CrPdBr6,2
Cs2CrCdBr6,2
Cs2CrInBr6,2
Cs2CrSnBr6,2
Cs2CrBaBr6,2
Cs2CrBaI6,2
Cs2CrPtBr6,2
Cs2CrHgF6,2
Cs2CrHgCl6,2
Cs2CrHgBr6,2
Cs2CrPbBr6,2
Cs2CrPbI6,2
Cs2CrLaBr6,2
Cs2CrLaI6,2
Cs2CrCeBr6,2
Cs2CrCeI6,2
Cs2CrPrBr6,2
Cs2CrPrI6,2
Cs2CrSmBr6,2
Cs2CrSmI6,2
Cs2CrEuBr6,2
Cs2CrDyBr6,2
Cs2CrTmBr6,2
Cs2CrYbF6,2
Cs2CrYbBr6,2
Cs2MnYBr6,2
Cs2MnNbBr6,2
Cs2MnPdCl6,2
Cs2MnPdBr6,2
Cs2MnAgBr6,2
Cs2MnInCl6,2
Cs2MnInBr6,2
Cs2MnPtBr6,2
Cs2MnHgF6,2
Cs2MnHgCl6,2
Cs2MnHgBr6,2
Cs2MnPbBr6,2
Cs2MnLaBr6,2
Cs2MnLaI6,2
Cs2MnCeBr6,2
Cs2MnCeI6,2
Cs2MnPrBr6,2
Cs2MnPrI6,2
Cs2MnSmBr6,2
Cs2MnSmI6,2
Cs2MnEuBr6,2
Cs2MnEuI6,2
Cs2MnDyBr6,2
Cs2MnTmBr6,2
Cs2MnYbCl6,2
Cs2MnYbBr6,2
Cs2FeYBr6,2
Cs2FeNbBr6,2
Cs2FePdCl6,2
Cs2FePdBr6,2
Cs2FeCdBr6,2
Cs2FeInCl6,2
Cs2FeInBr6,2
Cs2FePtBr6,2
Cs2FeHgF6,2
Cs2FeHgCl6,2
Cs2FeHgBr6,2
Cs2FePbBr6,2
Cs2FeLaBr6,2
Cs2FeLaI6,2
Cs2FeCeBr6,2
Cs2FeCeI6,2
Cs2FePrBr6,2
Cs2FePrI6,2
Cs2FeSmBr6,2
Cs2FeSmI6,2
Cs2FeEuBr6,2
Cs2FeDyBr6,2
Cs2FeTmCl6,2
Cs2FeTmBr6,2
Cs2FeYbF6,2
Cs2FeYbCl6,2
Cs2FeYbBr6,2
Cs2CoSrBr6,2
Cs2CoYBr6,2
Cs2CoNbBr6,2
Cs2CoPdCl6,2
Cs2CoCdBr6,2
Cs2CoInCl6,2
Cs2CoInBr6,2
Cs2CoBaBr6,2
Cs2CoPtBr6,2
Cs2CoHgF6,2
Cs2CoHgCl6,2
Cs2CoHgBr6,2
Cs2CoPbBr6,2
Cs2CoLaBr6,2
Cs2CoLaI6,2
Cs2CoCeBr6,2
Cs2CoCeI6,2
Cs2CoPrBr6,2
Cs2CoPrI6,2
Cs2CoSmBr6,2
Cs2CoEuBr6,2
Cs2CoDyBr6,2
Cs2CoTmCl6,2
Cs2CoTmBr6,2
Cs2CoYbF6,2
Cs2CoYbCl6,2
Cs2CoYbBr6,2
Cs2NiSrBr6,2
Cs2NiYBr6,2
Cs2NiNbF6,2
Cs2NiNbCl6,2
Cs2NiNbBr6,2
Cs2NiPdCl6,2
Cs2NiAgF6,2
Cs2NiAgCl6,2
Cs2NiAgBr6,2
Cs2NiCdBr6,2
Cs2NiInCl6,2
Cs2NiInBr6,2
Cs2NiBaBr6,2
Cs2NiPtBr6,2
Cs2NiHgF6,2
Cs2NiHgCl6,2
Cs2NiHgBr6,2
Cs2NiPbCl6,2
Cs2NiPbBr6,2
Cs2NiLaCl6,2
Cs2NiLaBr6,2
Cs2NiLaI6,2
Cs2NiCeBr6,2
Cs2NiCeI6,2
Cs2NiPrBr6,2
Cs2NiSmBr6,2
Cs2NiEuBr6,2
Cs2NiDyBr6,2
Cs2NiTmCl6,2
Cs2NiTmBr6,2
Cs2NiYbF6,2
Cs2NiYbCl6,2
Cs2NiYbBr6,2
Cs2CuSrBr6,2
Cs2CuYBr6,2
Cs2CuNbBr6,2
Cs2CuPdCl6,2
Cs2CuAgBr6,2
Cs2CuInBr6,2
Cs2CuPtBr6,2
Cs2CuHgF6,2
Cs2CuHgCl6,2
Cs2CuHgBr6,2
Cs2CuPbCl6,2
Cs2CuPbBr6,2
Cs2CuLaBr6,2
Cs2CuLaI6,2
Cs2CuCeBr6,2
Cs2CuCeI6,2
Cs2CuPrBr6,2
Cs2CuPrI6,2
Cs2CuSmBr6,2
Cs2CuEuBr6,2
Cs2CuDyBr6,2
Cs2CuTmBr6,2
Cs2CuYbBr6,2
Cs2ZnYBr6,2
Cs2ZnNbBr6,2
Cs2ZnPdCl6,2
Cs2ZnAgBr6,2
Cs2ZnInBr6,2
Cs2ZnPtF6,2
Cs2ZnPtBr6,2
Cs2ZnHgF6,2
Cs2ZnHgCl6,2
Cs2ZnHgBr6,2
Cs2ZnPbF6,2
Cs2ZnPbCl6,2
Cs2ZnPbBr6,2
Cs2ZnLaBr6,2
Cs2ZnLaI6,2
Cs2ZnCeBr6,2
Cs2ZnCeI6,2
Cs2ZnPrBr6,2
Cs2ZnPrI6,2
Cs2ZnSmBr6,2
Cs2ZnEuBr6,2
Cs2ZnDyBr6,2
Cs2ZnTmF6,2
Cs2ZnTmBr6,2
Cs2ZnYbBr6,2
Cs2GeYBr6,2
Cs2GeNbBr6,2
Cs2GePdCl6,2
Cs2GeAgBr6,2
Cs2GeInBr6,2
Cs2GePtBr6,2
Cs2GeHgF6,2
Cs2GeHgCl6,2
Cs2GeHgBr6,2
Cs2GePbCl6,2
Cs2GePbBr6,2
Cs2GeLaCl6,2
Cs2GeLaBr6,2
Cs2GeLaI6,2
Cs2GeCeBr6,2
Cs2GeCeI6,2
Cs2GePrBr6,2
Cs2GePrI6,2
Cs2GeSmBr6,2
Cs2GeEuBr6,2
Cs2GeDyBr6,2
Cs2GeTmBr6,2
Cs2GeYbBr6,2
Cs2SrYBr6,2
Cs2SrNbBr6,2
Cs2SrNbI6,2
Cs2SrPdCl6,2
Cs2SrPdBr6,2
Cs2SrAgBr6,2
Cs2SrAgI6,2
Cs2SrInBr6,2
Cs2SrInI6,2
Cs2SrPtF6,2
Cs2SrPtBr6,2
Cs2SrPtI6,2
Cs2SrHgF6,2
Cs2SrHgCl6,2
Cs2SrHgBr6,2
Cs2SrPbF6,2
Cs2SrPbCl6,2
Cs2SrPbBr6,2
Cs2SrPrBr6,2
Cs2SrSmBr6,2
Cs2SrEuBr6,2
Cs2SrDyBr6,2
Cs2SrTmBr6,2
Cs2SrYbBr6,2
Cs2YNbBr6,2
Cs2YNbI6,2
Cs2YPdBr6,2
Cs2YPdI6,2
Cs2YCdCl6,2
Cs2YCdBr6,2
Cs2YCdI6,2
Cs2YInCl6,2
Cs2YInBr6,2
Cs2YInI6,2
Cs2YSnCl6,2
Cs2YSnBr6,2
Cs2YSnI6,2
Cs2YBaBr6,2
Cs2YPtBr6,2
Cs2YPtI6,2
Cs2YHgF6,2
Cs2YHgCl6,2
Cs2YHgBr6,2
Cs2YPbBr6,2
Cs2YLaBr6,2
Cs2YCeBr6,2
Cs2YPrBr6,2
Cs2YSmBr6,2
Cs2YEuBr6,2
Cs2YDyBr6,2
Cs2YDyI6,2
Cs2YTmBr6,2
Cs2YTmI6,2
Cs2YYbCl6,2
Cs2YYbBr6,2
Cs2YYbI6,2
Cs2NbPdBr6,2
Cs2NbAgBr6,2
Cs2NbCdBr6,2
Cs2NbInBr6,2
Cs2NbSnBr6,2
Cs2NbBaBr6,2
Cs2NbPtBr6,2
Cs2NbHgF6,2
Cs2NbHgCl6,2
Cs2NbHgBr6,2
Cs2NbPbCl6,2
Cs2NbPbBr6,2
Cs2NbPbI6,2
Cs2NbLaBr6,2
Cs2NbCeBr6,2
Cs2NbPrBr6,2
Cs2NbPrI6,2
Cs2NbSmBr6,2
Cs2NbSmI6,2
Cs2NbEuBr6,2
Cs2NbEuI6,2
Cs2NbDyBr6,2
Cs2NbDyI6,2
Cs2NbTmBr6,2
Cs2NbYbF6,2
Cs2NbYbBr6,2
Cs2PdAgBr6,2
Cs2PdCdCl6,2
Cs2PdCdBr6,2
Cs2PdInCl6,2
Cs2PdInBr6,2
Cs2PdSnCl6,2
Cs2PdSnBr6,2
Cs2PdBaBr6,2
Cs2PdPtF6,2
Cs2PdPtCl6,2
Cs2PdPtBr6,2
Cs2PdHgF6,2
Cs2PdHgCl6,2
Cs2PdHgBr6,2
Cs2PdPbF6,2
Cs2PdPbCl6,2
Cs2PdPbBr6,2
Cs2PdPbI6,2
Cs2PdLaBr6,2
Cs2PdLaI6,2
Cs2PdCeBr6,2
Cs2PdCeI6,2
Cs2PdPrBr6,2
Cs2PdPrI6,2
Cs2PdSmBr6,2
Cs2PdSmI6,2
Cs2PdEuCl6,2
Cs2PdEuBr6,2
Cs2PdEuI6,2
Cs2PdDyBr6,2
Cs2PdTmF6,2
Cs2PdTmCl6,2
Cs2PdTmBr6,2
Cs2PdYbBr6,2
Cs2AgCdBr6,2
Cs2AgSnBr6,2
Cs2AgBaBr6,2
Cs2AgPtCl6,2
Cs2AgPtBr6,2
Cs2AgHgF6,2
Cs2AgHgCl6,2
Cs2AgHgBr6,2
Cs2AgHgI6,2
Cs2AgPbCl6,2
Cs2AgPbBr6,2
Cs2AgPbI6,2
Cs2AgSmBr6,2
Cs2AgSmI6,2
Cs2AgEuBr6,2
Cs2AgEuI6,2
Cs2AgDyBr6,2
Cs2AgDyI6,2
Cs2AgTmBr6,2
Cs2AgTmI6,2
Cs2AgYbF6,2
Cs2AgYbBr6,2
Cs2CdInBr6,2
Cs2CdSnI6,2
Cs2CdPtF6,2
Cs2CdPtBr6,2
Cs2CdHgF6,2
Cs2CdHgCl6,2
Cs2CdHgBr6,2
Cs2CdHgI6,2
Cs2CdPbCl6,2
Cs2CdPbBr6,2
Cs2CdPbI6,2
Cs2CdLaBr6,2
Cs2CdCeBr6,2
Cs2CdPrBr6,2
Cs2CdSmBr6,2
Cs2CdSmI6,2
Cs2CdEuBr6,2
Cs2CdEuI6,2
Cs2CdDyBr6,2
Cs2CdDyI6,2
Cs2CdTmF6,2
Cs2CdTmBr6,2
Cs2CdTmI6,2
Cs2CdYbBr6,2
Cs2CdYbI6,2
Cs2InSnBr6,2
Cs2InSnI6,2
Cs2InBaBr6,2
Cs2InPtBr6,2
Cs2InPtI6,2
Cs2InHgF6,2
Cs2InHgCl6,2
Cs2InHgBr6,2
Cs2InHgI6,2
Cs2InPbCl6,2
Cs2InPbBr6,2
Cs2InPbI6,2
Cs2InLaBr6,2
Cs2InCeBr6,2
Cs2InPrBr6,2
Cs2InSmBr6,2
Cs2InSmI6,2
Cs2InEuBr6,2
Cs2InEuI6,2
Cs2InDyBr6,2
Cs2InDyI6,2
Cs2InTmBr6,2
Cs2InTmI6,2
Cs2InYbBr6,2
Cs2InYbI6,2
Cs2SnPtBr6,2
Cs2SnPtI6,2
Cs2SnHgF6,2
Cs2SnHgCl6,2
Cs2SnHgBr6,2
Cs2SnHgI6,2
Cs2SnPbCl6,2
Cs2SnPbBr6,2
Cs2SnLaCl6,2
Cs2SnLaBr6,2
Cs2SnCeBr6,2
Cs2SnPrBr6,2
Cs2SnSmBr6,2
Cs2SnEuBr6,2
Cs2SnEuI6,2
Cs2SnDyBr6,2
Cs2SnDyI6,2
Cs2SnTmBr6,2
Cs2SnTmI6,2
Cs2SnYbF6,2
Cs2SnYbBr6,2
Cs2SnYbI6,2
Cs2BaPtF6,2
Cs2BaPtBr6,2
Cs2BaHgF6,2
Cs2BaHgCl6,2
Cs2BaHgBr6,2
Cs2BaPbF6,2
Cs2BaPbCl6,2
Cs2BaDyBr6,2
Cs2BaTmBr6,2
Cs2BaYbBr6,2
Cs2PtHgF6,2
Cs2PtHgCl6,2
Cs2PtHgBr6,2
Cs2PtHgI6,2
Cs2PtPbCl6,2
Cs2PtPbBr6,2
Cs2PtPbI6,2
Cs2PtLaBr6,2
Cs2PtCeBr6,2
Cs2PtPrBr6,2
Cs2PtSmBr6,2
Cs2PtSmI6,2
Cs2PtEuBr6,2
Cs2PtEuI6,2
Cs2PtDyCl6,2
Cs2PtDyBr6,2
Cs2PtDyI6,2
Cs2PtTmCl6,2
Cs2PtTmBr6,2
Cs2PtTmI6,2
Cs2PtYbF6,2
Cs2PtYbCl6,2
Cs2PtYbBr6,2
Cs2PtYbI6,2
Cs2HgPbF6,2
Cs2HgPbCl6,2
Cs2HgPbBr6,2
Cs2HgLaF6,2
Cs2HgLaCl6,2
Cs2HgLaBr6,2
Cs2HgCeF6,2
Cs2HgCeCl6,2
Cs2HgCeBr6,2
Cs2HgPrF6,2
Cs2HgPrCl6,2
Cs2HgPrBr6,2
Cs2HgSmF6,2
Cs2HgSmCl6,2
Cs2HgSmBr6,2
Cs2HgEuF6,2
Cs2HgEuCl6,2
Cs2HgEuBr6,2
Cs2HgEuI6,2
Cs2HgDyF6,2
Cs2HgDyCl6,2
Cs2HgDyBr6,2
Cs2HgDyI6,2
Cs2HgTmF6,2
Cs2HgTmCl6,2
Cs2HgTmBr6,2
Cs2HgTmI6,2
Cs2HgYbF6,2
Cs2HgYbCl6,2
Cs2HgYbBr6,2
Cs2HgYbI6,2
Cs2PbPrCl6,2
Cs2PbPrBr6,2
Cs2PbSmBr6,2
Cs2PbEuCl6,2
Cs2PbEuBr6,2
Cs2PbDyCl6,2
Cs2PbDyBr6,2
Cs2PbTmCl6,2
Cs2PbTmBr6,2
Cs2PbYbF6,2
Cs2PbYbCl6,2
Cs2PbYbBr6,2
Cs2LaDyBr6,2
Cs2LaTmBr6,2
Cs2LaYbCl6,2
Cs2LaYbBr6,2
Cs2CeEuBr6,2
Cs2CeDyBr6,2
Cs2CeTmBr6,2
Cs2CeYbBr6,2
Cs2PrSmBr6,2
Cs2PrEuBr6,2
Cs2PrDyBr6,2
Cs2PrTmBr6,2
Cs2PrYbBr6,2
Cs2SmEuBr6,2
Cs2SmDyBr6,2
Cs2SmTmBr6,2
Cs2SmYbBr6,2
Cs2EuDyBr6,2
Cs2EuTmBr6,2
Cs2EuTmI6,2
Cs2EuYbBr6,2
Cs2EuYbI6,2
Cs2DyTmBr6,2
Cs2DyTmI6,2
Cs2DyYbBr6,2
Cs2DyYbI6,2
Cs2TmYbCl6,2
Cs2TmYbBr6,2
Cs2TmYbI6,2
Tl2MgCaBr6,2
Tl2CaScBr6,2
Tl2CaTiBr6,2
Tl2CaVBr6,2
Tl2CaCrBr6,2
Tl2CaMnBr6,2
Tl2CaFeBr6,2
Tl2CaCoBr6,2
Tl2CaCuBr6,2
Tl2CaZnBr6,2
Tl2CaGeBr6,2
Tl2CaNbBr6,2
Tl2CaPdBr6,2
Tl2CaAgBr6,2
Tl2CaCdBr6,2
Tl2CaPtBr6,2
Tl2CaHgBr6,2
Tl2CaTmBr6,2
Tl2CaYbBr6,2
Hg2LiCuF6,3
Pb2LiNaF6,3
Tm2LiCuF6,3
Yb2LiCuF6,3
